{"open_path": "C:/Users/vboxuser/Desktop/py", "pdf_page": 0, "header_row": 1, "wavelength_col": 1, "X": true, "Y": true, "Z": true, "x": false, "y": false, "z": false, "CIELAB-L*": true, "CIELAB-a*": true, "CIELAB-b*": true, "CIELAB-C*_ab": false, "CIELAB-h_ab": false, "Hunter L": false, "Hunter a": false, "Hunter b": false, "Hunter C_ab": false, "Hunter h_ab": false, "sRGB": true, "u'": false, "v'": false, "w'": false, "CIELUV-L*": false, "CIELUV-u*": false, "CIELUV-v*": false, "CIELUV-C*_uv": false, "CIELUV-h_uv": false, "CIELUV-s_uv": false, "YI": false}