{
    "main": {
        "font": "Microsoft Yahei",
        "tab1": "色度计算",
        "tab2": "色度转换"
    },
    "readdata": {
        "font": "Microsoft Yahei",
        "title": "确认导入参数",
        "r0": "请确认",
        "r1": "导入文件:",
        "r3_pdf": "确认数据横跨了几页",
        "r3_table0": "请确认 表头/名称在第几行\n  0表示没有",
        "r3_table1": "确认导入数据在哪个数据表",
        "r3_table2": "确认导入数据波长在第几列",
        "message_ok": "导入完成",
        "message_cancel": "导入取消"
    },
    "spec2hue": {
        "font": "Microsoft Yahei",
        "left": {
            "0_label_input": {
                "label": "输入"
            },
            "0_label_none1": {
                "label": ""
            },
            "0_button_instructions": {
                "label": "操作说明"
            },
            "1_button_select": {
                "label": "选择文件"
            },
            "1_text_import": {
                "value": ""
            },
            "1_button_import": {
                "label": " 导  入 "
            },
            "2_label_spectrum": {
                "label": "光谱"
            },
            "2_line_1": {
                "style": "h"
            },
            "3_GridWithHeader_spectrum": {
                "subject": "(20, 3)"
            },
            "4_label_none2": {
                "label": ""
            },
            "4_label_wavelength.unit": {
                "label": "波长单位"
            },
            "4_choice_wavelength.unit": {
                "choices": [
                    "nm",
                    "μm"
                ]
            },
            "4_label_spectrum.upper": {
                "label": "光谱上限"
            },
            "4_choice_spectrum.upper": {
                "choices": [
                    "1",
                    "100"
                ]
            }
        },
        "right": {
            "0_label_output": {
                "label": "输出"
            },
            "1_label_si": {
                "label": "光源参数: "
            },
            "1_choice_si": {
                "choices": [
                    "A",
                    "D65",
                    "C",
                    "D50",
                    "D55",
                    "D75"
                ]
            },
            "1_choice_va": {
                "choices": [
                    "2°",
                    "10°"
                ]
            },
            "1_line_2": {
                "style": "v"
            },
            "1_label_none3": {
                "label": ""
            },
            "1_button_calculate": {
                "label": "计 算"
            },
            "2_label_calculate": {
                "label": "计算输出"
            },
            "2_line_3": {
                "style": "h"
            },
            "3_Grid_output": {
                "read_only": true
            },
            "4_label_none4": {
                "label": ""
            },
            "4_button_save": {
                "label": "导 出"
            }
        },
        "CalcItems_title": "选择计算项目"
    },
    "huetrans": {
        "font": "Microsoft Yahei",
        "label_si": "光源",
        "label_va": "视场角",
        "box_in": "输入",
        "box_out": "输出",
        "button": "转  换"
    }
}